password,label
123456,0
123456123,0
123456!,0
123456,0
my123456,0
password,0
password123,0
password!,0
PASSWORD,0
mypassword,0
12345678,0
12345678123,0
12345678!,0
12345678,0
my12345678,0
qwerty,0
qwerty123,0
qwerty!,0
QWERTY,0
myqwerty,0
12345,0
12345123,0
12345!,0
12345,0
my12345,0
123456789,0
123456789123,0
123456789!,0
123456789,0
my123456789,0
football,0
football123,0
football!,0
FOOTBALL,0
myfootball,0
1234,0
1234123,0
1234!,0
1234,0
my1234,0
1234567,0
1234567123,0
1234567!,0
1234567,0
my1234567,0
admin,0
admin123,0
admin!,0
ADMIN,0
myadmin,0
111111,0
111111123,0
111111!,0
111111,0
my111111,0
qwertyuiop,0
qwertyuiop123,0
qwertyuiop!,0
QWERTYUIOP,0
myqwertyuiop,0
123123,0
123123123,0
123123!,0
123123,0
my123123,0
monkey,0
monkey123,0
monkey!,0
MONKEY,0
mymonkey,0
sunshine,0
sunshine123,0
sunshine!,0
SUNSHINE,0
mysunshine,0
letmein,0
letmein123,0
letmein!,0
LETMEIN,0
myletmein,0
password123,0
password123123,0
password123!,0
PASSWORD123,0
mypassword123,0
admin123,0
admin123123,0
admin123!,0
ADMIN123,0
myadmin123,0
dragon,0
dragon123,0
dragon!,0
DRAGON,0
mydragon,0
1234567890,0
1234567890123,0
1234567890!,0
1234567890,0
my1234567890,0
123456,0
123456123,0
123456!,0
123456,0
my123456,0
password,0
password123,0
password!,0
PASSWORD,0
mypassword,0
12345678,0
12345678123,0
12345678!,0
12345678,0
my12345678,0
qwerty,0
qwerty123,0
qwerty!,0
QWERTY,0
myqwerty,0
12345,0
12345123,0
12345!,0
12345,0
my12345,0
123456789,0
123456789123,0
123456789!,0
123456789,0
my123456789,0
football,0
football123,0
football!,0
FOOTBALL,0
myfootball,0
1234,0
1234123,0
1234!,0
1234,0
my1234,0
1234567,0
1234567123,0
1234567!,0
1234567,0
my1234567,0
admin,0
admin123,0
admin!,0
ADMIN,0
myadmin,0
111111,0
111111123,0
111111!,0
111111,0
my111111,0
qwertyuiop,0
qwertyuiop123,0
qwertyuiop!,0
QWERTYUIOP,0
myqwertyuiop,0
123123,0
123123123,0
123123!,0
123123,0
my123123,0
monkey,0
monkey123,0
monkey!,0
MONKEY,0
mymonkey,0
sunshine,0
sunshine123,0
sunshine!,0
SUNSHINE,0
mysunshine,0
letmein,0
letmein123,0
letmein!,0
LETMEIN,0
myletmein,0
password123,0
password123123,0
password123!,0
PASSWORD123,0
mypassword123,0
admin123,0
admin123123,0
admin123!,0
ADMIN123,0
myadmin123,0
dragon,0
dragon123,0
dragon!,0
DRAGON,0
mydragon,0
1234567890,0
1234567890123,0
1234567890!,0
1234567890,0
my1234567890,0
123456,0
123456123,0
123456!,0
123456,0
my123456,0
password,0
password123,0
password!,0
PASSWORD,0
mypassword,0
12345678,0
12345678123,0
12345678!,0
12345678,0
my12345678,0
qwerty,0
qwerty123,0
qwerty!,0
QWERTY,0
myqwerty,0
12345,0
12345123,0
12345!,0
12345,0
my12345,0
123456789,0
123456789123,0
123456789!,0
123456789,0
my123456789,0
football,0
football123,0
football!,0
FOOTBALL,0
myfootball,0
1234,0
1234123,0
1234!,0
1234,0
my1234,0
1234567,0
1234567123,0
1234567!,0
1234567,0
my1234567,0
admin,0
admin123,0
admin!,0
ADMIN,0
myadmin,0
111111,0
111111123,0
111111!,0
111111,0
my111111,0
qwertyuiop,0
qwertyuiop123,0
qwertyuiop!,0
QWERTYUIOP,0
myqwertyuiop,0
123123,0
123123123,0
123123!,0
123123,0
my123123,0
monkey,0
monkey123,0
monkey!,0
MONKEY,0
mymonkey,0
sunshine,0
sunshine123,0
sunshine!,0
SUNSHINE,0
mysunshine,0
letmein,0
letmein123,0
letmein!,0
LETMEIN,0
myletmein,0
password123,0
password123123,0
password123!,0
PASSWORD123,0
mypassword123,0
admin123,0
admin123123,0
admin123!,0
ADMIN123,0
myadmin123,0
dragon,0
dragon123,0
dragon!,0
DRAGON,0
mydragon,0
1234567890,0
1234567890123,0
1234567890!,0
1234567890,0
my1234567890,0
123456,0
123456123,0
123456!,0
123456,0
my123456,0
password,0
password123,0
password!,0
PASSWORD,0
mypassword,0
12345678,0
12345678123,0
12345678!,0
12345678,0
my12345678,0
qwerty,0
qwerty123,0
qwerty!,0
QWERTY,0
myqwerty,0
12345,0
12345123,0
12345!,0
12345,0
my12345,0
123456789,0
123456789123,0
123456789!,0
123456789,0
my123456789,0
football,0
football123,0
football!,0
FOOTBALL,0
myfootball,0
1234,0
1234123,0
1234!,0
1234,0
my1234,0
1234567,0
1234567123,0
1234567!,0
1234567,0
my1234567,0
admin,0
admin123,0
admin!,0
ADMIN,0
myadmin,0
111111,0
111111123,0
111111!,0
111111,0
my111111,0
qwertyuiop,0
qwertyuiop123,0
qwertyuiop!,0
QWERTYUIOP,0
myqwertyuiop,0
123123,0
123123123,0
123123!,0
123123,0
my123123,0
monkey,0
monkey123,0
monkey!,0
MONKEY,0
mymonkey,0
sunshine,0
sunshine123,0
sunshine!,0
SUNSHINE,0
mysunshine,0
letmein,0
letmein123,0
letmein!,0
LETMEIN,0
myletmein,0
password123,0
password123123,0
password123!,0
PASSWORD123,0
mypassword123,0
admin123,0
admin123123,0
admin123!,0
ADMIN123,0
myadmin123,0
dragon,0
dragon123,0
dragon!,0
DRAGON,0
mydragon,0
1234567890,0
1234567890123,0
1234567890!,0
1234567890,0
my1234567890,0
123456,0
123456123,0
123456!,0
123456,0
my123456,0
password,0
password123,0
password!,0
PASSWORD,0
mypassword,0
12345678,0
12345678123,0
12345678!,0
12345678,0
my12345678,0
qwerty,0
qwerty123,0
qwerty!,0
QWERTY,0
myqwerty,0
12345,0
12345123,0
12345!,0
12345,0
my12345,0
123456789,0
123456789123,0
123456789!,0
123456789,0
my123456789,0
football,0
football123,0
football!,0
FOOTBALL,0
myfootball,0
1234,0
1234123,0
1234!,0
1234,0
my1234,0
1234567,0
1234567123,0
1234567!,0
1234567,0
my1234567,0
admin,0
admin123,0
admin!,0
ADMIN,0
myadmin,0
111111,0
111111123,0
111111!,0
111111,0
my111111,0
qwertyuiop,0
qwertyuiop123,0
qwertyuiop!,0
QWERTYUIOP,0
myqwertyuiop,0
123123,0
123123123,0
123123!,0
123123,0
my123123,0
monkey,0
monkey123,0
monkey!,0
MONKEY,0
mymonkey,0
sunshine,0
sunshine123,0
sunshine!,0
SUNSHINE,0
mysunshine,0
letmein,0
letmein123,0
letmein!,0
LETMEIN,0
myletmein,0
password123,0
password123123,0
password123!,0
PASSWORD123,0
mypassword123,0
admin123,0
admin123123,0
admin123!,0
ADMIN123,0
myadmin123,0
dragon,0
dragon123,0
dragon!,0
DRAGON,0
mydragon,0
1234567890,0
1234567890123,0
1234567890!,0
1234567890,0
my1234567890,0
Z&tQlb@GXZVlV&,1
427pvx!jngbA7O5f5,1
CoBPUvp!hoBTigF,1
CdSrha0sRgtRp,1
pnOTJh43DdgJb,1
o3&CCqRLyX83xzG@,1
LWAEG5Cf8OS9Dlr,1
Crd!zhxmDUPElX,1
UyYriahwyMmJj,1
VQqAxEbzbnX7,1
S1o5^4H7nGeF6jR,1
KOYhLySm&geZbP,1
Ya12#wxkVN6!XIxC,1
7m9B0dQ6Im%^,1
r@sOLN$&ggVi,1
02$@X5nXI$C4M#bD,1
6U7bqKJAUKS!a,1
aZCz8XcjOkro@UnF,1
fHh@w5yO#1c#V$Kc,1
KyWc9!WUAlepE,1
%Q$N#xHFMiUneJk,1
7fFqFDDfqEZGpq#Mx,1
VLJrbXB$uR20UkZ,1
njeDl^UWv2n^fH,1
K5W@roNnX&p*D3KeB,1
MOuRoLqCWEXb,1
CWBUBY0@0a!b,1
X41o9j3yZX9YB,1
vmtjESiOePP8$@,1
ZD&4B%kZ5oHxekDj,1
GQFdsrjJuLhxyt,1
l@Pg1m5REJyd^f,1
gunhujt8S@q0A4,1
B#l92*sK3jNc,1
4VvSVCc*HL@E@%$,1
T9VxU@&&S2FPa3Z,1
9A5X5#K*C$H3Dj,1
8r30WYo@pW@VQc2,1
tYycvF5WJSXzBqjCT,1
dz$kszlkojjdy,1
PgwV7Z5EQXkFYg,1
yI#td%zRKKa%l3,1
xzV3zjPOZb8SZJwAh,1
ZjkTrB#5O!lH#,1
CIhdZzHZrl9cNr^D,1
^LrH4U@GPj@M,1
wxC!3auDIn96,1
VYeodS!!Qc!G,1
*jZQ@Kknnt%F,1
8vN78AogqB^VKP,1
1e3n@24Kmsl7mraBx,1
tEusKw*Xi*gXVBRI%,1
BGwSaO3l2seUN,1
Yd2BIXty41I@J,1
Z4raidUAC14^L#t,1
H%C8lw3OMSirk,1
m1tNY$*Teq&#U7np,1
siWb*Nkq2&lW,1
2FppExEiX7rc!SyPn,1
3sVRwi1IRws7r&&2,1
Z3Ecung*JgiX5,1
wiPDE^wyq97M,1
C5OZbevk!xm^,1
WkBMaxoUtGGscXaT7,1
T!PQHnyVVSSM&P9rU,1
V4^55H$o!srVXDkSx,1
vjt6Wgp8QQPHpUf,1
mE9uT7^K3zS0Z&mr,1
iMOjDK6CIlmHvxpV,1
%*&w7ETJgpnsdz,1
WemEHjcP!PvoCH,1
a032VFF^Lo#Ee#lK,1
!vPyTtHQk0XpMI*$8,1
a0xzZn9TFgh^X,1
QhEsh@7uveACc,1
Q2E0zhggjY6QQ3WQ,1
J@dsxmcOg2Yv,1
GMeZPnMwyvMms3X^,1
Iv^t$vH9m3bd,1
*!vCaNN5ZuL$su,1
L$KeZIN1He8^aGU,1
Lb1K*LVwR8@L5,1
gmSu^A**Cd@FC55@,1
zoewS#V9BYEb,1
fZpDDs#Zkg0wqFAY,1
7A9Y#M4fOpJ4,1
@5xVB82pU!c2EKA,1
HKAi!li4Zw2A,1
6Ql#^Pqr7ldpk$S,1
xius!B7dLMW@6%C9,1
RWwfO8%4Ne3LgA,1
LV$xrNUu@NAX,1
%zTqp6V0NcdU,1
dtGtO2nERrP8RwBs,1
AzOR$zB5AYap,1
vg8&NAFgj^Nnk1p,1
dH78qFWY5gXzVT,1
sxoxgdBaZZuW,1
LG2FjLr&9NeW,1
g4iErrdRESKs,1
JT!@%7oiPCv%dcARa,1
GukB@vun1EHZk,1
L*56Zk1P5*Qj,1
HMD@yzUtAeDdJ3b,1
G2h@dCY2jjDhRe3,1
aL1&BaXnYVP1Ljnb,1
XSPK2twqnffRDlrq,1
rnS3aKJVVim@Ii4Zk,1
%Orh2ePUhxE1,1
PwokadTRH1bz,1
dMzAOo3f8e0f@,1
jwEPfywyjYFOd,1
svT&$wdvL9TWR,1
fXuXETi2hxMO89,1
yg75EWw9T4KjKhk,1
cH$6i2uWSmaG8AM,1
5MpqrSJifuB0e$Sk6,1
Jls1x^12!xg3bHu%I,1
MUMO^TBBm96fyo,1
Utl&@ghtk%mtbfTF,1
yHnIt0$vGqQTz1S,1
doZhME&2TUTl,1
NVcYME^ci8T*6iaRv,1
WT^kif5&qFeHKi,1
HJ7E&P3I1lEE,1
rNTcKALp&WBg,1
52*7%iWyEYr^w,1
r@#m8rBbYYn19l,1
q%CB$ZnOC2QKsX,1
jRf%fsi&rl%3hg3&#,1
1WUqy&ZG5JYwz,1
ObF0yen9yivuZIz,1
ake1w$uDvXTN,1
iQGekey%w!rbZQ,1
rULfUtZm2MX1n,1
PFp6F$FPaUp0Loj,1
K^CG5nBFkSLj,1
G5t&X4YwxRJd,1
4hGm3yUppjMIn!l,1
4t41QNWb91aO2Bfb,1
XTTOWZAo5Tkn,1
v$@1Zoab*wsT#s,1
G%CgkeUeqTA&Bi*p,1
5kquMWAII2xFKWl,1
MLHp4^LRSiE%l$q,1
kU#icQCZ%dmLw$4n4,1
jBMWXC8bf0OP^,1
PlPUY8z@VZCLS25,1
moXiv2J&L3I2iRj,1
lKdNJgO5^1Dh#,1
e3ov06AxFDWRzB,1
q3YtTc&&9gTex5m,1
UJo6JV!pxtpOX,1
#4uL$WBkYXPue*,1
s3ARcJJTXtpqz,1
x^NVn6q^%9LCJLvIK,1
TmJIjmRc^4B%n,1
1AnQ@JC7exfcC,1
m$giUDsBlhzVUcz,1
ClEGGPYCslZZ,1
BZjrk$!aspdGf,1
WQfAEbm7U^Hhi%8CD,1
F@86A#9DkRarxvNK,1
ILB8@hwG!KL8c,1
grrw!6ZE8%LDm8,1
f5IM03Yotb0G,1
&6w*7wl#Sq@3GZaU$,1
NGTd0HEd#kKwM,1
B&ACf6uJO8H3j&B,1
JRWwcdvltsT6,1
krAXkrkrbwlly9*,1
8qeS8tq0P&oLGOoQ,1
3UaatOI!XCig,1
KyDdD71Gi3!E,1
YbI1N7hqZ4Q*7Rg,1
4zgUD#FHEMdWdS,1
GSvvpHecfUjrL!,1
@ANf%Cgh2HaT9,1
^GveYAz2Yzz#VR7K#,1
6mbsUPq79QncuN,1
KT&kwYhK$pdb&M,1
TjMo3*TavGiyLXiYa,1
BQkfnGVvgAWDZ,1
Qk4Xjq9N*M1APecg,1
vL6eU3!4@XZB*z!,1
6RmFUFXjHIVp4,1
Sl6trheNgNIB*N%T,1
SiyD9Qz49wzbx,1
*#^BaTOU0!5JE,1
FGps5GwrJrRXLdU,1
l7&fDytXrQ0s!$gP,1
WSop4GH*zVd*mD,1
dsox5BBuSThy8,1
w$Y&%Eeb7gVXS1,1
%l6qSii#1rm!*9,1
CqOTQCAfy7Plw%Kn,1
k63L^QsMf5A4zPwm,1
Z8$tqmtnA0BsVY,1
Vos!d^%259PFQ,1
wOoZHS#L%kUZ*,1
DulETs$hDVCgp,1
%L$0hitU1YRccu,1
UP2e5c50Bi@i8Rj,1
uBt^rP^Yy*16rsX,1
Q7bLQNP8KN7wn1rRR,1
dPAqvlh3afUghiOUA,1
4r9PG4XZr&yLe,1
!#wGFXyx$V$7uL,1
VmD*cLn3W#^BYm!%,1
@Dta^dafkjs!Qmzyu,1
Y!o%rH0pDPjos7,1
xbSSDn7vxsOsPM,1
U@kYT$@rNVAw4doyY,1
ohZVcHho&8!HUV6o,1
jgvYmu8*QO#&pZ,1
P%SjOMK97CPNR^il,1
8y1QW1SI1Wyl,1
Vr6AMxdbe^BOaEu,1
YTf!S%PR0RpEk,1
y%^s*Rqju2Ear,1
Vz05F45MT17ln,1
t#Y7pF19f8htkk,1
iVLs%mK&WW1$HFr,1
H4&CrDxVHCh%bHs6,1
5K^NYHmwmR0um1hC,1
$MGHYa%0f!NdCNt,1
UdJvFyMkBeu2g8Xce,1
P&QtCpIfWJGzr,1
^8orCtC%JT5*G#,1
9j9yKp*SLkR^^!Nl,1
gfOu46DAtvCT1Pmw,1
lmWCqp2vI7#mI,1
7gD%EztpVBl*K,1
z3a4#RMlyQlO,1
SoSP9vHmvCBtlrE,1
5Y9IVDBuzQOORTK,1
uD&mweiKvt8jr9,1
se4aCZ!hMGNFssKE,1
fE6%ChU#!6!vZ,1
d*leqdxVbR3f,1
rgYQkZSy&OlPi,1
f^GIed2wLpVsz!,1
pf61*KjWouHfR1DVJ,1
V00q$8Op7SO0jLy,1
#32aV&m&P#od7&R&y,1
kg1azX#J4ur4LRFT@,1
Sg$5f!LcZ!bbn,1
MRFz5BEPHo$AtXDt,1
J4i1ze6^Wrh#,1
pKwdgHiga5*aje^TC,1
ZtQLJ3woG^5Kg0,1
78EMx6O4m@Yy^M7,1
#ieIej%t$zamKvCp,1
!@PMvl$4xhYoH,1
BWRhC5iFU5MXbpN,1
1eNqOU!ix&4Z%h,1
h0j4*Mggb@#bzq,1
7LmKshV9csn9aYl&,1
Xbgu43gMjLyAhW#iI,1
@UtFm4V#*nl0cryKG,1
OMf*q!T9EiInT5,1
kSqxK28AzXEn@,1
zHDIEnbqGur6XY,1
st1us@21%NIlTVi0,1
NRmMo5GVpAxL5Y3O,1
OPKha1G8x0B6,1
m*YQ@#1KHJ7u0,1
RfLSHAYM^JA$w,1
b7aUUe5YWsisSEg,1
GyKwQ!b0#N07,1
lDE&bmZCm4*Y7,1
Nrni%oucPhH#5,1
rUABK*q5LBuT1,1
KXnS#01!Wjfy8,1
UBk11@Ol$X4gLT6$Y,1
sB&^mk*WuXi0UBU&,1
5Xoc41D$jhsE,1
vxa#D01UXl8!FdD^,1
MbZLfxWcEp#GBz0,1
Cvr7Co&#PDSP,1
*qyE^wIuBz4Jc4T,1
!lX%zNl$qr2Xugm,1
qxO4i5infCJu,1
iYZ3xi@npmVGaik!v,1
XG7Mn0v!w!b!C8p,1
SWHNvXPweWA9FRGjC,1
#bH4H%f3eQTTRT9m,1
&1dKPe*p*hLbPyY,1
#xafGw1$MhhUjA7W#,1
OtAeLFpX81f9,1
wCN0@DXKcIZ$,1
y&66*4RCxKxcL4,1
jxv2^5n*92AOQ2z,1
peAnx7W8&gIoriBa,1
1Qyt7NDB4U7RoV&i,1
Jh1!*cP86Vv%,1
fjCulrz3Aflc,1
y7BrUMdIs0JVQFysp,1
qt&#U%8ezxkCcjBdA,1
haB2a9k!U*cu*K$,1
wh3aQWq&S8g%CA14,1
HcMjrfhaozd5,1
tX$eA*cV@AUa5J39,1
JdWijMXJuypSx,1
@Xdgylp68olKs#,1
46aRXijJdipS!E,1
$PTs*MPp9Q@i,1
ROi@SYRBCrunb$,1
7jDjgPG!^vp#pW2%,1
qmOBd@NLmbRp,1
ah!ZD8Fgn@Y7of1MA,1
VvrUu@y*k@Ol,1
Wxcp9NxqoBbYZHJ,1
Hmm9!zeWzcr#f2J,1
%34nDuD9mh9x#,1
FpVK2Tn6Caqn6J$,1
GUThfF*!DVw5NI,1
3Y1Sw%bMA8CR,1
7dH023bsKhVHxgA,1
lY0v8X#RP5n#edD,1
IG$7UmXMSMrvIHG#,1
Ia*aY5LTFRPi7,1
h2fau1rDId!slzD0,1
kyN%CVqJ0XkG7RiM2,1
bB7*2P4PtqsY,1
ojU%GvamFBD%E,1
rUVlEhx3vX@AZ,1
WUwW70HVlrnIMiDp!,1
DT!zVjsmopPAm5Joz,1
Fg1NRzRERxrn%,1
derVTgSmm#KtBW3et,1
#A3nsI*ipo7M^JX,1
mSvcSNb@9ZW5n1t,1
N7LxR3UKNq*R1r,1
9!$#UBHG0qDJa,1
35Ms5S13Vcj2q,1
aYmx4UdYwCA9y,1
&@%bC$h6HnUYwL,1
xOM*fvNoKYi#m2e,1
QXuoc4xT!iOTX#TrX,1
rHpBuYzVVfmxNo,1
TOB9@Hxy3pX1,1
czqqM89KC^cN,1
@32kU!%fpn32,1
VrJDgGn0uW^WuPd,1
67HJxZ*jZNmxI,1
e5OxWF8Y8FL560s,1
V8qfRU6LRcONpKzB,1
aOiN1&LIj76DF,1
OtjIJ%7DybGp9LY,1
P0B3ciJnFAkR,1
jhz4yalQyKeaMpsJ,1
ti*BTGuOK1CQ2v&K,1
9yuHm38&BokO,1
4b7Peo%CKUoXAw,1
YIc1*RyO1f19jyL,1
3jSzu%&f0Jbz#,1
I*Q&ldbK9p*P1384,1
ie6eEhoA13SLCN0t,1
k0ciT&hKPqlDLMf7n,1
%DgI%P7$5AgB,1
@YcYpl!2&JR7c,1
emO5TckhFDRcIKoz,1
Bs69ftXW#4Eu01&5f,1
Zt*t15IFlgB8Um,1
oDS4q#gEcweklPFO,1
&hE4vPxVjwOgcr&,1
#b95zJA$NCyiAq,1
7^!x9g3K1HccFijQa,1
4z$Ws@oNUiMKQ,1
9Sw*UmutiSJzw,1
Tf&jFHX8%&pqY%,1
acDp$Uoo3jrW,1
veC!kj5Q444xUT,1
Sk5M28a#bF2YW%ZOS,1
OXjsiX8aoCGB$P,1
g7ahU@Sw2l^e7g8I7,1
rqa6OahW0zgl5cDj%,1
N0D9n7wL7L^sE,1
%LmQWt*O5BvcIyd7O,1
JvvaMjMbFz*i,1
K*41Ej3ofycXM,1
G2Yii9!&@eebQCfJ,1
AAg37F%H!%lK3,1
X8$Jm%1b!wZF4Rsru,1
t&m0Lp4c$XOwHf&,1
FTTzDz!ithPD95FRj,1
wU2@jkdcg!&fr,1
X%EWYw477hAet,1
c6J7CEPtNEvB&,1
l#kCWt8d4Rign!,1
!^gao9o$$Oe@QV,1
vl@sNkXIZZFv,1
n12dmOOC5&iy2si,1
!@h$piu#a%syL,1
zQkafFO%KfMFd,1
%BtMad!*BbWqB3,1
4L86RQVx*&LV$x,1
un*wGuDMzt^x,1
mYrLwXC9iA$HJJro@,1
PHjbMJrQJOP^oLEP,1
Yb*jNkRHeBkGZF,1
joyKTc$o257EIb2,1
UU1opwfPiamv,1
3WfaNuJknlg0D5A,1
VV#p#geZKt&VJw4T,1
sH6qJTl7!Dbu96b,1
8pJ1P7uUVOQ@jj7,1
*6U9Uuof#RI6,1
ja*zO^A1E0k9,1
*bie2k5VRLkq&xv&t,1
&N1n7kXTGrz5sUnE,1
E!YH%STQxL8Me,1
0T&c47SBNKe3t12&,1
hd3*zsTC$2t0FpDQ,1
wWOMKki#3MRiSOQ,1
v%NsMQz7KCCA,1
o*ysS1lZ0ITU,1
HUzcdX9SjHpXsL,1
^k12Wtj%2ge0xfV9,1
A2$9skLVH84Ir!,1
kJ2*gKH4l!WP#yl,1
UdgQJE0xL$lOQV,1
Ufi3YgBAn0Vd*el3,1
faEjIPX&pBSwtFA,1
MqIFl0YBE7#VZq,1
RnVlej@#wLkRV!R,1
w%vwRTfpdb%C3dw,1
PHTDs5yC#Yhyk,1
Z57UDk9D2goL,1
r$yAztMi%f^KkZ,1
4n^*ozYy%FJTwe61,1
mu0@1f2kV&CMNw,1
i^6XAhWk^zQlv,1
SIx0REkz@ia2f,1
gF6o&$C*N7&BK3Xo,1
cIptQHGFpA6b0Cz,1
3yoj%28xJ7f*U,1
*ILsH2%WgCYG5^,1
r5$InexM20Pvd*,1
I*u&Q9KKsx8yneH,1
wlrnXSWEWuQu@E1m,1
dmp$yonNvLWiK,1
oGJdZLYAS3si7D,1
zSYiys*0Uj^br7,1
S7kReIX8b8yK*Y%Zq,1
kDGQV3I0MEJ1E@jO,1
tHvYCWnPX06S&,1
S$JNszgaHl7d4wUD,1
NW08$YfhB!Zw8KU,1
t!VAi#MH3u9deCS,1
m9HgbNH0Ekb0,1
BpeL*sxaUj!K,1
TsMWuhK$Ry%9av,1
ic0P4#K0XwRdBmP,1
I3UegUwRNX$PIjm,1
ILNSe%C2AsVhpJ,1
9JweABdTzcYjNY,1
*wfZqA%6U&Z2759ku,1
oM%9IoeV!JMX4^Q,1
0D8&zUn9eZ3Q9om0E,1
AEkYrsedKToth0Y#,1
o$#GI8@NWb@LyQNPG,1
B&@wW#o%0@*K7Bg,1
%rDSDaKrn9r1QZ,1
aQ3D9x3QeZsi,1
fjHnM6cPcaS0d*^LZ,1
keGbsjZTUBol^a%Gk,1
QO7^cC4Va$hrw&,1
ncks9rWgxz6gX7YI,1
TT1QgKeY&mAOYF#o,1
ZjXFpz1nKHuJz,1
rd1bi1Le^JOX%%DUv,1
KtY7BxTxpBoz,1
*DUduKIdfTyO8T,1
nCAGjfW2zY07B2,1
uG9pucNpYNjAs$rM,1
3%3HoMBGI3EI,1
kYdFp!07i^2Jhe,1
w6npOxTT&UlP2yPFf,1
BQKl@E5CnKViXM,1
zryQUXbck1by7k,1
aoI47cqr#Qi4FWk,1
UHjkII&*W7B$q,1
0KN^4jfdRKYNVrLWB,1
9tRE#fg@L%w0cbWrl,1
dnl7Hml10T*$KeJ%K,1
HsDo70ezqEv5,1
ODP%r2MeL3x!oS@A,1
Y5F*SSYfE*k3,1
TG*gXn^AzAL^e,1
JYTCyG%L0H9f^,1
F&3xn!2HqBxJvWx!w,1
UnSr$4pxE0iIy8,1
E0Xp0P38u#OUr7OpV,1
LwVfaLE*s*29,1
7bWk5KicGm$#wj,1
&76T9!9bir%R,1
yHQe^pjrbSN1e,1
18gxcomU#sy6NL,1
